{"_runtime":62.8782963,"_step":201,"_wandb":{"runtime":63},"score":53.40000000000015,"loss":-0.650367796421051,"entropy":-0.015437773428857327,"_timestamp":1.7403287324281247e+09}