{"_timestamp":1.7399952740846057e+09,"_runtime":7.5163747,"_step":46,"score":239,"loss":-38855.84765625,"_wandb":{"runtime":7},"entropy":-12.396573066711426}