{"_step":201,"_wandb":{"runtime":42},"score":423,"loss":9.796629905700684,"entropy":0.026891173794865608,"_timestamp":1.7402963687994215e+09,"_runtime":42.2145565}