{"_wandb":{"runtime":9},"_timestamp":1.740342706019205e+09,"_runtime":8.9754843,"_step":14,"score":1.080000000000199,"loss":0.25228917598724365,"entropy":-0.00403998326510191}