{"loss":-13.240312576293945,"entropy":-0.12396574020385742,"_timestamp":1.7399935457561867e+09,"_runtime":46.316853,"_step":14,"_wandb":{"runtime":48},"score":-1}