{"_timestamp":1.7403429113133867e+09,"_runtime":2.8709347,"_step":273,"_wandb":{"runtime":2},"score":275.53000000000003,"loss":720.8853759765625,"entropy":-1.5495715141296387}