{"score":-9.99999999999998,"loss":-0.2539966404438019,"entropy":0.026900965720415115,"_timestamp":1.7403289898789053e+09,"_runtime":12.1041029,"_step":63,"_wandb":{"runtime":12}}