{"score":2138,"loss":-3606.43896484375,"entropy":-0.6737268567085266,"_timestamp":1.739998767907897e+09,"_wandb":{"runtime":6},"_runtime":6.4616306,"_step":3}