{"loss":-9637.3291015625,"entropy":-26.440404891967773,"_timestamp":1.7399953567885053e+09,"_wandb":{"runtime":32},"_runtime":32.0442933,"_step":60,"score":-1034}