{"loss":-18788.09375,"entropy":-0.16041837632656097,"_timestamp":1.7399989052151368e+09,"_runtime":22.3350628,"_step":5,"score":1768,"_wandb":{"runtime":24}}