{"score":268,"loss":3.2081103324890137,"entropy":0.01518486998975277,"_timestamp":1.7400037094016602e+09,"_runtime":2.4616409,"_step":6,"_wandb":{"runtime":2}}