{"_runtime":44.8135202,"_step":22,"score":20194,"loss":-391.4976806640625,"entropy":0.23877014219760895,"_wandb":{"runtime":46},"_timestamp":1.7399978404384801e+09}