{"entropy":0.014669363386929035,"_timestamp":1.7400028037042058e+09,"_runtime":11.1726972,"_step":51,"_wandb":{"runtime":11},"score":-300,"loss":-2.9827024936676025}