{"_runtime":5387.4677905,"_step":1201,"score":-100,"loss":1.1398558616638184,"entropy":-0.019795440137386322,"_wandb":{"runtime":5388},"_timestamp":1.7399910041189215e+09}