{"_timestamp":1.7402963006847715e+09,"_runtime":2.6998986,"_step":19,"_wandb":{"runtime":2},"score":-198,"loss":21.39225196838379,"entropy":-0.08982344716787338}