{"entropy":0.029034683480858803,"_timestamp":1.7403415746638656e+09,"_runtime":29.4147527,"_step":152,"_wandb":{"runtime":29},"score":18.20000000000002,"loss":0.38380205631256104}