{"entropy":0.011058725416660309,"_timestamp":1.7400030915885718e+09,"_wandb":{"runtime":26},"_runtime":26.4940563,"_step":129,"score":-300,"loss":-2.2506842613220215}