{"score":15273,"loss":33.498226165771484,"entropy":-0.1659199297428131,"_timestamp":1.7399956381215239e+09,"_runtime":30.7441448,"_step":15,"_wandb":{"runtime":31}}