{"entropy":0.02246442437171936,"_timestamp":1.7403030287756634e+09,"_wandb":{"runtime":53},"_runtime":53.7238225,"_step":273,"score":-156,"loss":-2.057182550430298}