{"entropy":-0.006226575002074242,"_timestamp":1.7403427463930016e+09,"_runtime":10.8731832,"_step":15,"score":-137.6000000000014,"loss":-154.85028076171875,"_wandb":{"runtime":11}}