{"_step":82,"score":4324,"loss":-61.926239013671875,"entropy":0.02105092816054821,"_wandb":{"runtime":17},"_timestamp":1.7399993225177429e+09,"_runtime":17.4603658}