{"entropy":-0.06957249343395233,"_timestamp":1.7400036091086986e+09,"_runtime":81.244292,"_step":1049,"score":-135,"_wandb":{"runtime":81},"loss":10.546051025390625}