{"_timestamp":1.7403110602590044e+09,"_runtime":87.3799098,"_step":436,"_wandb":{"runtime":87},"score":2884,"loss":47.49419021606445,"entropy":0.023076491430401802}