{"_step":363,"score":-203,"loss":7.8937578201293945,"entropy":0.02195766568183899,"_timestamp":1.7400002374391072e+09,"_wandb":{"runtime":63},"_runtime":63.8237388}