{"score":521,"loss":6.964239597320557,"entropy":0.02052009478211403,"_timestamp":1.7400021053272126e+09,"_runtime":15.1674405,"_step":89,"_wandb":{"runtime":15}}