{"score":-9.599999999999996,"loss":0.2579442262649536,"entropy":-0.019443752244114876,"_timestamp":1.7403291495948255e+09,"_wandb":{"runtime":10},"_runtime":10.5980684,"_step":49}