{"loss":1.6882774829864502,"entropy":0.017929496243596077,"_timestamp":1.7400018187680576e+09,"_runtime":410.408319,"_step":81,"score":917,"_wandb":{"runtime":411}}