{"_wandb":{"runtime":10},"_step":131,"score":-205,"loss":-14.074045181274414,"entropy":0.05762927606701851,"_timestamp":1.7403030486282377e+09,"_runtime":9.8741465}