{"_timestamp":1.7399882569345014e+09,"_runtime":2851.4156263,"_step":626,"score":-100,"loss":NaN,"_wandb":{"runtime":2851},"entropy":0.14799842238426208}