{"score":-900,"loss":-14.842973709106445,"entropy":0.022691139951348305,"_timestamp":1.7403032588474038e+09,"_runtime":56.6118639,"_wandb":{"runtime":56},"_step":333}