{"_step":573,"score":-414,"loss":-2081.76220703125,"entropy":-0.0131928576156497,"_timestamp":1.7400003520680013e+09,"_wandb":{"runtime":108},"_runtime":108.2647482}