{"_timestamp":1.7403103542730036e+09,"_runtime":27.3335313,"_step":90,"_wandb":{"runtime":27},"score":370,"loss":4.854822158813477,"entropy":0.0205558929592371}