{"loss":10.073452949523926,"_wandb":{"runtime":64},"entropy":0.019836917519569397,"_timestamp":1.7400021759554791e+09,"_runtime":64.3240833,"_step":383,"score":597}