{"entropy":0.043866466730833054,"_timestamp":1.7400041629626842e+09,"_runtime":27.5848254,"_step":272,"score":-199,"loss":-10.701904296875,"_wandb":{"runtime":27}}