{"entropy":0.02296186238527298,"_timestamp":1.7400025921444726e+09,"_runtime":55.2376221,"_step":274,"_wandb":{"runtime":55},"score":300,"loss":5.131479263305664}