{"_step":189,"score":203.86999999999952,"loss":-8.459264755249023,"entropy":-0.057927925139665604,"_wandb":{"runtime":70},"_timestamp":1.740342443447575e+09,"_runtime":70.7951408}