{"_wandb":{"runtime":8},"entropy":-0.0037068615201860666,"_timestamp":1.740342939138556e+09,"_runtime":8.377908,"_step":7,"score":-19.99999999999983,"loss":-8.787433624267578}