{"_step":99,"_wandb":{"runtime":68},"score":12,"loss":65.46235656738281,"entropy":7.524628639221191,"_timestamp":1.7399938958402493e+09,"_runtime":67.9406766}