{"_runtime":152.8268825,"_step":672,"score":121.42000000000019,"loss":-1.5881118774414062,"entropy":-0.017775356769561768,"_timestamp":1.74032873096843e+09,"_wandb":{"runtime":153}}