{"loss":0.5221790075302124,"entropy":-0.03832501173019409,"_timestamp":1.7403104209981358e+09,"_wandb":{"runtime":56},"_runtime":56.1461072,"_step":245,"score":-84}