{"score":-100,"loss":1.2476487159729004,"entropy":-0.02363348938524723,"_timestamp":1.739991004103797e+09,"_runtime":5743.8606296,"_step":1245,"_wandb":{"runtime":5746}}