{"score":-302,"loss":0.5118573904037476,"_wandb":{"runtime":92},"entropy":-0.021587790921330452,"_timestamp":1.740003398384135e+09,"_runtime":92.2562316,"_step":1345}