{"_runtime":90.8368445,"_step":290,"score":-900,"loss":-15.399551391601562,"entropy":0.025037316605448723,"_wandb":{"runtime":91},"_timestamp":1.7400039425945146e+09}