{"_runtime":60.6999437,"_step":310,"_wandb":{"runtime":60},"score":188,"loss":-1.7696900367736816,"entropy":-0.010047909803688526,"_timestamp":1.7400042355616834e+09}