{"_timestamp":1.7403113455889246e+09,"_runtime":186.4657623,"_step":985,"score":18.99999999999999,"_wandb":{"runtime":186},"loss":0.20857857167720795,"entropy":0.013763299211859703}