{"_timestamp":1.7400039741968412e+09,"_runtime":205.1372864,"_step":1045,"score":-300,"loss":-2182.62939453125,"entropy":-0.012156810611486435,"_wandb":{"runtime":205}}