{"score":4548,"loss":-154.1486053466797,"entropy":0.09591292589902878,"_timestamp":1.7399992515357454e+09,"_wandb":{"runtime":14},"_runtime":12.6915834,"_step":6}