{"_step":347,"_wandb":{"runtime":22},"score":-41.02000000000001,"loss":10.789268493652344,"entropy":-0.19677098095417023,"_timestamp":1.7403423665681672e+09,"_runtime":22.8405841}