{"_wandb":{"runtime":1},"_runtime":1.5071237,"_step":4,"score":-900,"loss":2.17986798286438,"entropy":-0.0035288191866129637,"_timestamp":1.7400037210840168e+09}