{"score":298,"loss":6.900752544403076,"_wandb":{"runtime":56},"entropy":0.027696216478943825,"_timestamp":1.7400026721155064e+09,"_runtime":56.0851377,"_step":275}