{"_step":757,"_wandb":{"runtime":156},"score":-82.79999999999998,"loss":-2.5352869033813477,"entropy":0.024123720824718475,"_timestamp":1.740328921006379e+09,"_runtime":156.7712842}