{"_timestamp":1.7399945959787874e+09,"_runtime":18.1551504,"_step":5,"score":100,"loss":-103.47833251953125,"entropy":-3.706465244293213,"_wandb":{"runtime":18}}