{"_timestamp":1.7403031964865081e+09,"_runtime":51.5252641,"_step":271,"score":-900,"_wandb":{"runtime":51},"loss":-14.993083953857422,"entropy":0.02399624139070511}