{"_timestamp":1.7400040560991945e+09,"_wandb":{"runtime":65},"_runtime":65.2039504,"_step":602,"score":-126,"loss":-5514.103515625,"entropy":-0.19677098095417023}