{"_step":136,"score":735,"loss":-50.83518600463867,"entropy":0.03341187536716461,"_timestamp":1.7399994029336736e+09,"_wandb":{"runtime":21},"_runtime":21.5057919}