{"_runtime":16.5695995,"_step":80,"_wandb":{"runtime":16},"score":150.4100000000002,"loss":-2.210737705230713,"entropy":-0.01881331205368042,"_timestamp":1.7403396810192158e+09}