{"_step":69,"score":-51.56999999999998,"loss":-2.9431233406066895,"entropy":-0.012617100030183792,"_timestamp":1.740342638068851e+09,"_wandb":{"runtime":54},"_runtime":54.2044418}