{"entropy":0.02745233289897442,"_timestamp":1.7403096238012218e+09,"_runtime":103.6209668,"_wandb":{"runtime":103},"_step":692,"score":-172,"loss":-3.0357043743133545}