{"_runtime":25.4350087,"_step":96,"score":22,"loss":0.5187182426452637,"entropy":0.021088657900691032,"_wandb":{"runtime":25},"_timestamp":1.7403288845843756e+09}