{"entropy":0.09177514910697937,"_timestamp":1.7400024522603981e+09,"_runtime":63.2697258,"_step":569,"_wandb":{"runtime":63},"score":-150,"loss":-17.282690048217773}