{"loss":0.622633159160614,"entropy":0.005798454862087965,"_timestamp":1.7403100148089383e+09,"_runtime":346.0239837,"_step":1722,"_wandb":{"runtime":346},"score":200}