{"loss":-16106.134765625,"entropy":-3.043078660964966,"_timestamp":1.739995305100662e+09,"_wandb":{"runtime":20},"_runtime":20.0468904,"_step":287,"score":3117}