{"_timestamp":1.7399938181923668e+09,"_runtime":29.3061116,"_step":8,"score":199,"loss":-336.57171630859375,"entropy":-3.0075247287750244,"_wandb":{"runtime":32}}