{"_wandb":{"runtime":53},"_step":252,"score":-266,"loss":2.921604633331299,"entropy":-0.020708533003926277,"_timestamp":1.7400034878444948e+09,"_runtime":52.8184953}