{"_timestamp":1.7400032638012447e+09,"_runtime":123.6916238,"_step":816,"score":-731,"loss":-6.0881454285116285e+25,"_wandb":{"runtime":123},"entropy":0.08037625253200531}