{"loss":-4.674939155578613,"entropy":-0.12396571785211563,"_timestamp":1.7399917296868515e+09,"_runtime":59.3591716,"_step":70,"_wandb":{"runtime":59},"score":-1}