{"loss":-3.808894157409668,"entropy":-0.01743146777153015,"_timestamp":1.7400036917089705e+09,"_runtime":116.1622504,"_wandb":{"runtime":116},"_step":538,"score":300}