{"_timestamp":1.7399916065030744e+09,"_runtime":3.5186165000000003,"_wandb":{"runtime":3},"_step":19,"score":-1,"loss":0.26234570145606995,"entropy":0.0747484490275383}