{"_step":792,"score":-57.20000000000003,"loss":-1.0666651725769043,"entropy":0.026256632059812546,"_timestamp":1.7403111800725374e+09,"_runtime":108.9240693,"_wandb":{"runtime":109}}