{"entropy":0.023289015516638756,"_timestamp":1.7400012025792477e+09,"_runtime":20.7320162,"_step":112,"score":-254,"loss":-14.68646240234375,"_wandb":{"runtime":20}}