{"_timestamp":1.7400001672301366e+09,"_runtime":55.1668496,"_step":282,"_wandb":{"runtime":55},"score":-362,"loss":4.000797271728516,"entropy":-0.020299138501286507}